,City,Cloudiness,Country,Date,Humidity,Lat,Lng,Temp,Wind Speed
0,Rikitea,100,PF,1563644807,54,-23.12,-134.97,66.76,7.45
1,Punta Arenas,75,CL,1563644787,80,-53.16,-70.91,35.4,8.05
2,Maunabo,75,PR,1563644932,79,18.01,-65.9,82.0,4.7
3,Jamestown,55,AU,1563644796,91,-33.21,138.6,49.48,10.51
4,Mataura,100,NZ,1563644932,98,-46.19,168.86,48.0,1.99
5,Ushuaia,20,AR,1563644773,59,-54.81,-68.31,37.4,3.36
6,Hilo,1,US,1563644933,88,19.71,-155.08,74.25,4.7
7,Sao Filipe,26,CV,1563644933,81,14.9,-24.5,73.06,19.08
8,Hobart,0,AU,1563644745,62,-42.88,147.33,49.75,12.75
9,Georgetown,75,GY,1563644813,83,6.8,-58.16,80.6,4.7
10,Samarai,73,PG,1563644902,91,-10.62,150.67,70.36,4.03
11,Siocon,28,PH,1563644934,84,11.03,124.04,77.38,1.01
12,Dunedin,100,NZ,1563644934,99,-45.87,170.5,48.99,13.85
13,Shingu,98,JP,1563644836,98,33.72,135.99,69.1,5.95
14,Upernavik,100,GL,1563644755,95,72.79,-56.15,43.9,11.97
15,Nuuk,40,GL,1563644935,59,64.17,-51.74,60.8,10.29
16,Bijawar,0,IN,1563644935,49,24.62,79.49,88.72,3.74
17,Flinders,0,AU,1563644935,75,-34.58,150.85,45.75,6.93
18,Quibdo,75,CO,1563644935,74,5.69,-76.66,86.0,5.82
19,Chipinge,0,ZW,1563644935,15,-20.19,32.62,62.62,4.34
20,Tazmalt,40,DZ,1563644936,78,36.39,4.4,82.4,8.05
21,Chuy,67,UY,1563644754,83,-33.69,-53.46,63.7,6.93
22,Cape Town,20,ZA,1563644820,70,-33.93,18.42,50.38,8.05
23,Senanga,0,ZM,1563644936,19,-16.1,23.3,64.78,4.5
24,Massakory,1,TD,1563644936,54,13.0,15.73,85.84,8.16
25,Arraial do Cabo,40,BR,1563644851,69,-22.97,-42.02,73.4,16.11
26,Hualmay,78,PE,1563644937,82,-11.1,-77.61,62.08,8.03
27,Bredasdorp,71,ZA,1563644809,87,-34.53,20.04,44.82,4.7
28,Kununurra,16,AU,1563644937,82,-15.77,128.74,60.8,3.36
29,Don Benito,0,ES,1563644937,19,38.95,-5.86,97.0,5.99
30,Ponta do Sol,20,BR,1563644809,48,-20.63,-46.0,69.28,8.55
31,Bluff,12,AU,1563644938,84,-23.58,149.07,54.52,8.86
32,Codrington,90,AU,1563644938,100,-28.95,153.24,48.43,5.82
33,Souillac,90,FR,1563644938,61,45.6,-0.6,77.74,16.11
34,Podor,0,MR,1563644938,31,16.65,-14.96,104.0,2.24
35,Mahajanga,20,MG,1563644939,78,-15.72,46.32,75.2,6.93
36,Puerto Ayora,40,EC,1563644867,69,-0.74,-90.35,73.71,16.11
37,Chokurdakh,0,RU,1563644870,61,70.62,147.9,46.24,16.58
38,Ilulissat,75,GL,1563644939,62,69.22,-51.1,51.8,5.82
39,Tasiilaq,40,GL,1563644822,66,65.61,-37.64,51.8,4.7
40,Tiznit,4,MA,1563644940,91,29.7,-9.73,68.74,8.75
41,Aklavik,90,CA,1563644940,93,68.22,-135.01,58.26,10.02
42,Sabang,100,PH,1563644940,87,13.8,121.11,82.0,1.01
43,Narsaq,40,GL,1563644940,62,60.91,-46.05,59.0,6.93
44,Qaanaaq,99,GL,1563644940,81,77.48,-69.36,41.92,3.24
45,Hermanus,99,ZA,1563644791,87,-34.42,19.24,47.21,1.99
46,Port Alfred,93,ZA,1563644800,74,-33.59,26.89,53.01,5.99
47,Elko,1,US,1563644935,23,40.83,-115.76,78.55,5.82
48,Torbay,75,CA,1563644941,71,47.66,-52.73,57.15,13.87
49,Atuona,4,PF,1563644825,75,-9.8,-139.03,80.08,11.03
50,Norman Wells,75,CA,1563644941,68,65.28,-126.83,69.8,5.82
51,Kapaa,90,US,1563644762,74,22.08,-159.32,77.63,13.87
52,Ambon,20,FR,1563644942,60,47.55,-2.56,69.93,12.75
53,Dawlatabad,0,AF,1563644942,14,36.41,64.91,93.58,16.89
54,Torre-Pacheco,0,ES,1563644942,45,37.74,-0.95,86.86,12.75
55,Poli,77,CM,1563644942,82,8.48,13.24,75.4,0.47
56,Tiksi,90,RU,1563644859,79,71.64,128.87,41.38,0.4
57,Pevek,100,RU,1563644753,96,69.7,170.27,32.2,6.2
58,Sungaipenuh,60,ID,1563644943,94,-2.08,101.38,70.72,3.56
59,Erenhot,12,CN,1563644943,31,43.65,111.97,79.36,8.34
60,Olot,20,ES,1563644943,61,42.18,2.49,80.15,14.99
61,East London,20,ZA,1563644944,76,-33.02,27.91,48.2,16.11
62,Almaznyy,0,RU,1563644944,36,48.03,40.04,80.6,6.71
63,Yaan,48,NG,1563644944,90,7.38,8.57,76.3,4.32
64,Kandrian,100,PG,1563644945,96,-6.21,149.55,73.06,8.3
65,Guerrero Negro,39,MX,1563644945,86,27.97,-114.04,64.42,15.17
66,Sitka,0,US,1563644815,34,37.17,-99.65,98.01,14.0
67,Busselton,73,AU,1563644760,66,-33.64,115.35,55.62,27.22
68,Khatanga,0,RU,1563644861,56,71.98,102.47,64.96,9.1
69,Dawson Creek,40,CA,1563644945,72,55.76,-120.23,63.46,4.7
70,Semporna,75,MY,1563644946,94,4.48,118.61,75.2,5.82
71,Lebu,96,ET,1563644819,91,8.96,38.73,55.78,2.19
72,Thinadhoo,74,MV,1563644946,78,0.53,72.93,82.96,14.09
73,Barrow,83,AR,1563644900,48,-38.31,-60.23,62.26,12.62
74,Varkkallai,75,IN,1563644946,100,8.73,76.71,75.2,6.93
75,Chapais,90,CA,1563644947,78,49.78,-74.86,71.6,12.75
76,Vaini,96,IN,1563644828,92,15.34,74.49,77.38,5.06
77,Felanitx,0,ES,1563644947,36,39.47,3.15,90.64,12.75
78,Waipawa,0,NZ,1563644947,75,-39.94,176.59,48.99,4.0
79,Charters Towers,0,AU,1563644947,91,-20.07,146.27,50.92,1.97
80,Saint George,20,GR,1563644904,33,39.45,22.34,85.03,11.41
81,Tanhacu,48,BR,1563644948,54,-14.02,-41.25,72.16,9.24
82,Kalmunai,100,LK,1563644948,66,7.42,81.82,79.18,5.97
83,Haines Junction,95,CA,1563644816,61,60.75,-137.51,56.68,4.29
84,Albany,75,US,1563644834,62,42.65,-73.75,88.16,6.93
85,Nanakuli,1,US,1563644949,83,21.39,-158.15,76.12,12.1
86,Aktau,0,KZ,1563644949,40,43.65,51.16,86.0,15.66
87,Bathsheba,75,BB,1563644827,66,13.22,-59.52,86.32,16.11
88,Dikson,100,RU,1563644875,84,73.51,80.55,48.22,19.37
89,Butaritari,13,KI,1563644949,67,3.07,172.79,84.22,6.06
90,Porto Murtinho,58,BR,1563644950,31,-21.7,-57.88,91.96,10.89
91,Bethel,90,US,1563644950,100,60.79,-161.76,52.38,8.05
92,Labuhan,1,ID,1563644950,96,-2.54,115.51,71.26,1.86
93,Avarua,24,CK,1563644908,73,-21.21,-159.78,69.8,3.36
94,Kaniama,0,CD,1563644951,27,-7.57,24.18,73.96,2.55
95,Abha,37,SA,1563644951,12,18.22,42.5,82.4,16.11
96,Saskylakh,62,RU,1563644832,69,71.97,114.09,59.2,5.99
97,Vezirkopru,75,TR,1563644951,52,41.14,35.45,69.8,11.41
98,Tegh,0,AZ,1563644952,80,39.56,46.48,53.44,6.15
99,Alofi,91,NU,1563644952,100,-19.06,-169.92,73.4,3.36
100,Cherskiy,42,RU,1563644857,80,68.75,161.3,39.58,2.68
101,Yellowknife,40,CA,1563644952,49,62.45,-114.38,68.0,8.05
102,Carnarvon,0,ZA,1563644815,50,-30.97,22.13,39.04,15.12
103,Cidreira,67,BR,1563644953,67,-30.17,-50.22,66.22,8.03
104,Solnechnyy,97,RU,1563644953,98,50.72,136.64,63.34,1.5
105,Chaplynka,90,UA,1563644953,39,46.36,33.54,77.56,6.13
106,Ostrovnoy,0,RU,1563644905,74,68.05,39.51,48.76,2.55
107,Sibolga,100,ID,1563644953,77,1.74,98.78,82.42,14.99
108,Coos Bay,1,US,1563644954,68,43.37,-124.22,65.35,8.05
109,Roebourne,50,AU,1563644954,39,-20.77,117.15,65.5,15.55
110,Jatiroto,22,ID,1563644954,88,-6.89,111.01,71.62,5.3
111,Grants,1,US,1563644791,17,35.15,-107.85,86.0,4.7
112,Acapulco,75,MX,1563644954,70,16.86,-99.88,86.0,4.7
113,Athens,0,GR,1563644955,25,37.98,23.73,80.28,11.41
114,Tokur,100,RU,1563644955,99,53.13,132.9,53.62,3.69
115,Vanimo,50,PG,1563644893,75,-2.67,141.3,82.78,7.47
116,Natal,40,BR,1563644955,58,-5.81,-35.21,82.4,17.22
117,Ureki,75,GE,1563644955,94,42.0,41.78,72.54,3.36
118,Barentu,63,ER,1563644955,61,15.11,37.59,79.18,5.88
119,Salto del Guaira,14,PY,1563644956,51,-24.06,-54.31,79.54,9.01
120,Smithers,90,CA,1563644956,82,54.78,-127.17,55.4,2.01
121,Calama,0,CL,1563644956,8,-22.46,-68.93,73.2,19.46
122,Bijar,15,IR,1563644956,25,35.87,47.6,74.5,8.79
123,Nikolskoye,20,RU,1563644957,68,59.7,30.79,66.24,6.71
124,Porbandar,39,IN,1563644957,83,21.64,69.61,83.14,10.94
125,Port Lavaca,40,US,1563644957,59,28.61,-96.63,92.39,11.41
126,Kondoa,23,TZ,1563644958,57,-4.91,35.78,64.06,2.64
127,Cockburn Town,40,TC,1563644890,62,21.46,-71.14,89.6,11.41
128,Lompoc,90,US,1563644958,72,34.64,-120.46,64.04,10.92
129,Mahebourg,40,MU,1563644877,83,-20.41,57.7,71.26,12.75
130,Oistins,75,BB,1563644843,66,13.07,-59.53,86.22,16.11
131,Komatipoort,45,MZ,1563644959,55,-25.43,31.96,62.6,8.05
132,Berlevag,0,NO,1563644959,85,70.86,29.09,52.9,1.28
133,Te Anau,85,NZ,1563644959,92,-45.41,167.72,43.9,7.14
134,Gao,46,ML,1563644959,24,16.28,-0.04,101.32,9.1
135,Usinsk,86,RU,1563644959,85,66.0,57.56,58.66,8.3
136,Homer,75,US,1563644960,77,59.64,-151.54,60.44,16.2
137,Vostok,83,RU,1563644960,89,46.45,135.83,64.6,2.62
138,Airai,10,TL,1563644814,74,-8.93,125.41,66.22,3.98
139,Severo-Kurilsk,94,RU,1563644960,98,50.68,156.12,45.7,11.86
140,Tshikapa,18,CD,1563644960,21,-6.42,20.79,76.48,1.61
141,Supata,75,CO,1563644961,63,5.06,-74.24,60.8,13.87
142,Abu Dhabi,0,AE,1563644947,63,24.47,54.37,97.74,9.17
143,Namibe,14,AO,1563644961,92,-15.19,12.15,69.1,2.95
144,Geraldton,75,CA,1563644961,56,49.72,-86.95,71.6,12.75
145,Mana,70,NG,1563644962,43,13.03,5.27,90.88,10.13
146,Port Elizabeth,1,US,1563644960,56,39.31,-74.98,95.0,10.29
147,Victoria,75,BN,1563644962,88,5.28,115.24,82.22,4.7
148,Harnosand,0,SE,1563644962,59,62.63,17.94,67.82,9.17
149,Axim,100,GH,1563644962,89,4.87,-2.24,76.48,10.98
150,Caravelas,33,BR,1563644962,73,-17.73,-39.27,73.06,14.18
151,Moerai,22,PF,1563644963,70,-22.43,-151.33,71.08,15.32
152,Kampene,97,CD,1563644963,47,-3.59,26.67,79.36,2.06
153,Abu Samrah,0,SY,1563644879,59,35.3,37.18,75.58,14.67
154,Huilong,51,CN,1563644963,91,31.15,106.5,75.76,1.95
155,Lorengau,76,PG,1563644848,83,-2.02,147.27,79.72,7.81
156,Leningradskiy,100,RU,1563644824,94,69.38,178.42,33.46,3.78
157,High Rock,75,BS,1563644964,66,26.63,-78.28,87.8,12.75
158,New Norfolk,0,AU,1563644964,62,-42.78,147.06,49.96,12.75
159,Lata,75,IN,1563644816,90,30.78,78.62,42.46,1.39
160,Ouahigouya,35,BF,1563644964,31,13.58,-2.42,95.2,5.37
161,Vila Franca do Campo,40,PT,1563644874,83,37.72,-25.43,75.2,9.17
162,Hof,0,DE,1563644965,39,50.32,11.92,78.53,12.75
163,Salalah,75,OM,1563644965,88,17.01,54.1,80.6,8.05
164,Kavaratti,97,IN,1563644965,77,10.57,72.64,82.78,26.26
165,Semnan,40,IR,1563644965,13,35.58,53.39,96.8,11.41
166,Michigan City,40,US,1563644966,70,41.71,-86.9,90.01,14.32
167,Beringovskiy,100,RU,1563644872,83,63.05,179.32,56.86,5.46
168,Bandipur,100,IN,1563644966,95,11.67,76.63,64.96,7.16
169,Angoche,23,MZ,1563644966,82,-16.23,39.91,68.02,4.61
170,Kaeo,85,NZ,1563644966,95,-35.1,173.78,43.0,3.0
171,Ahipara,74,NZ,1563644883,74,-35.17,173.16,56.5,14.81
172,Waingapu,89,ID,1563644967,93,-9.65,120.26,67.3,9.93
173,Loviisa,0,FI,1563644967,49,60.46,26.23,72.14,4.7
174,Tilichiki,100,RU,1563644967,98,60.47,166.1,50.38,3.4
175,Ancud,90,CL,1563644967,100,-41.87,-73.83,41.0,8.05
176,Alta Floresta,20,BR,1563644968,30,-9.87,-56.08,93.2,8.05
177,Kalanguy,100,RU,1563644968,87,51.01,116.52,55.6,7.52
178,Bandarbeyla,100,SO,1563644968,69,9.49,50.81,77.2,29.26
179,Huangchuan,75,CN,1563644968,88,24.57,102.46,64.4,4.47
180,Mekhe,20,SN,1563644968,58,15.11,-16.62,84.2,9.17
181,Pavlovka,0,RU,1563644969,80,52.69,47.13,61.0,5.23
182,Goderich,61,CA,1563644969,83,43.74,-81.71,83.37,1.99
183,Nome,1,US,1563644969,66,30.04,-94.42,91.38,8.05
184,Lianzhou,98,CN,1563644969,93,24.79,112.38,73.24,1.77
185,Gilgit,0,PK,1563644969,51,35.92,74.31,58.3,6.49
186,Likasi,0,CD,1563644970,39,-10.99,26.74,59.92,1.9
187,Jumla,21,NP,1563644970,95,29.28,82.18,53.62,1.7
188,Gat,20,SN,1563644970,58,14.69,-16.54,84.2,9.17
189,Belmonte,0,PT,1563644970,54,40.36,-7.35,85.1,11.01
190,Kearney,1,US,1563644967,62,40.7,-99.08,86.34,9.17
191,Pacific Grove,90,US,1563644710,72,36.62,-121.92,61.25,3.36
192,Boende,54,CD,1563644971,89,-0.28,20.88,74.32,4.16
193,Abancay,20,PE,1563644971,46,-13.64,-72.88,53.6,8.05
194,Aldan,0,RU,1563644971,76,58.61,125.39,43.36,6.11
195,Bagdarin,100,RU,1563644972,96,54.44,113.59,51.28,4.05
196,Gambo,78,CF,1563644972,96,4.65,22.26,70.72,2.04
197,Saint-Pierre,0,FR,1563644899,50,48.95,4.24,80.01,18.34
198,Honiara,100,SB,1563644929,82,-9.43,159.96,79.9,12.01
199,Straumen,75,NO,1563644972,41,63.87,11.3,74.21,13.87
200,Severodvinsk,40,RU,1563644973,59,64.56,39.82,64.4,4.47
201,Portland,75,US,1563644870,62,43.66,-70.25,91.06,6.93
202,Broken Hill,0,AU,1563644879,26,-31.97,141.45,60.8,16.11
203,Ribeira Grande,40,PT,1563644973,83,38.52,-28.7,75.2,6.93
204,Katsuura,75,JP,1563644973,88,33.93,134.5,78.48,17.22
205,Luwuk,87,ID,1563644870,98,-0.95,122.79,63.52,5.57
206,Srikakulam,0,IN,1563644974,89,18.29,83.89,79.72,5.39
207,Mlonggo,57,ID,1563644974,76,-6.53,110.7,80.62,17.2
208,Bud,0,NO,1563644974,68,62.91,6.91,64.22,5.82
209,Sept-Iles,75,CA,1563644917,82,50.2,-66.38,64.4,5.82
210,Vianopolis,30,BR,1563644775,36,-16.74,-48.52,79.36,9.37
211,Thanh Hoa,75,VN,1563644974,100,10.21,106.33,80.6,1.12
212,Bambous Virieux,40,MU,1563644967,83,-20.34,57.76,71.82,12.75
213,Alice Springs,0,AU,1563644975,18,-23.7,133.88,60.8,3.36
214,Ulaangom,67,MN,1563644975,53,49.98,92.07,63.52,5.75
215,Nowogard,0,PL,1563644975,39,53.67,15.12,80.44,4.7
216,Anadyr,75,RU,1563644975,87,64.73,177.51,59.0,6.71
217,Waddan,0,LY,1563644976,23,29.16,16.14,89.62,11.23
218,Vitim,0,RU,1563644976,49,59.44,112.57,54.34,12.77
219,Los Llanos de Aridane,20,ES,1563644819,73,28.66,-17.92,72.14,18.34
220,Mastic Beach,1,US,1563644976,52,40.77,-72.85,93.97,6.93
221,Coahuayana,100,MX,1563644976,77,18.62,-100.35,80.44,1.34
222,Hita,75,JP,1563644977,100,33.31,130.95,76.39,10.29
223,Esperance,75,AU,1563644977,81,-33.86,121.89,50.0,14.99
224,Muros,20,ES,1563644977,73,42.77,-9.06,69.33,16.11
225,Kodiak,1,US,1563644977,23,39.95,-94.76,91.51,6.93
226,Faya,42,SA,1563644842,12,18.39,42.45,82.4,16.11
227,Bowen,90,AU,1563644978,88,-20.01,148.25,63.28,6.93
228,Coquimbo,40,CL,1563644978,67,-29.95,-71.34,59.0,11.41
229,Morant Bay,20,JM,1563644978,55,17.88,-76.41,89.6,27.51
230,Buraydah,0,SA,1563644978,19,26.33,43.97,96.8,6.93
231,Zhangye,100,CN,1563644978,44,38.94,100.46,67.3,16.26
232,San Miguel,75,AR,1563644979,73,-34.54,-58.72,66.94,8.05
233,High Level,40,CA,1563644979,59,58.52,-117.13,66.2,3.36
234,Hailar,21,CN,1563644979,94,49.2,119.7,60.82,11.56
235,Klaksvik,97,FO,1563644979,100,62.23,-6.59,53.6,9.17
236,Kochevo,0,BG,1563644980,37,42.1,24.92,84.2,4.7
237,Arlit,48,NE,1563644980,68,18.74,7.39,76.84,29.06
238,Evans,1,US,1563644980,42,40.38,-104.69,83.59,6.93
239,Kaitangata,100,NZ,1563644980,90,-46.28,169.85,50.0,8.01
240,Aksu,0,KZ,1563644981,72,52.04,76.93,68.0,2.24
241,Nioro,6,GM,1563644981,30,13.79,-15.05,98.44,6.71
242,Palu,28,ID,1563644981,89,-0.9,119.87,74.32,3.09
243,Nakonde,1,ZM,1563644981,49,-9.33,32.75,64.42,6.89
244,Port Macquarie,40,AU,1563644981,93,-31.43,152.91,41.2,3.11
245,Samut Sakhon,40,TH,1563644848,83,13.55,100.27,85.35,11.41
246,Turukhansk,0,RU,1563644982,56,65.8,87.96,58.3,8.01
247,Tuktoyaktuk,90,CA,1563644852,87,69.44,-133.03,53.6,3.36
248,Brazzaville,75,CD,1563644982,78,-4.27,15.27,75.2,2.24
249,Qaqortoq,40,GL,1563644921,62,60.72,-46.03,59.0,6.93
250,Fagundes,90,BR,1563644982,94,-7.36,-35.78,68.0,19.46
251,Karla,0,EE,1563644983,46,59.37,24.93,70.63,9.17
252,Hithadhoo,46,MV,1563644813,76,-0.6,73.08,83.32,13.58
253,Tura,0,RU,1563644983,77,64.27,100.22,47.86,2.59
254,Slave Lake,75,CA,1563644796,87,55.28,-114.77,60.8,6.93
255,Yuci,0,CN,1563644983,83,37.68,112.73,71.6,1.77
256,Santa Cruz,89,BR,1563644892,55,-6.22,-36.02,80.62,14.25
257,Mount Isa,55,AU,1563644984,51,-20.73,139.49,39.2,5.28
258,Eirunepe,0,BR,1563644984,38,-6.66,-69.87,92.68,3.91
259,Yar-Sale,8,RU,1563644833,69,66.83,70.83,65.32,4.45
260,Kolda,18,SN,1563644984,51,12.89,-14.94,89.98,7.31
261,Port-Gentil,20,GA,1563644985,88,-0.72,8.78,78.8,6.93
262,Broome,40,GB,1563644985,93,52.47,1.45,69.28,10.29
263,Billings,20,US,1563644837,28,45.79,-108.5,70.86,11.41
264,Kukushtan,0,RU,1563644985,77,57.65,56.5,69.8,2.24
265,College,90,US,1563644896,82,64.86,-147.8,59.56,3.36
266,Bhabua,80,IN,1563644986,54,25.04,83.61,92.32,2.66
267,Jadu,0,LY,1563644986,40,31.95,12.03,82.96,13.29
268,Yarmouth,75,CA,1563644987,83,43.84,-66.12,71.92,9.17
269,San Juan Bautista,64,PY,1563644987,59,-26.67,-57.15,80.44,13.51
270,Nanortalik,100,GL,1563644987,93,60.14,-45.24,41.56,5.66
271,Sawakin,0,SD,1563644987,20,19.1,37.33,91.78,0.38
272,Komsomolskiy,87,RU,1563644860,75,67.55,63.78,61.18,3.71
273,Coihaique,40,CL,1563644988,80,-45.58,-72.07,35.17,5.82
274,Sulphur Springs,40,US,1563644988,55,33.14,-95.6,90.52,11.41
275,Pangody,35,RU,1563644988,71,65.85,74.49,69.64,0.96
276,Raiganj,40,IN,1563644988,70,25.63,88.13,86.74,7.38
277,Comodoro Rivadavia,0,AR,1563644870,43,-45.87,-67.48,50.0,14.99
278,Pandan,61,PH,1563644989,74,11.72,122.09,82.96,6.24
279,Araucaria,0,BR,1563644989,46,-25.59,-49.41,72.57,5.82
280,Brigantine,1,US,1563644989,50,39.41,-74.36,95.81,9.17
281,Saldanha,2,PT,1563644899,28,41.42,-6.55,86.38,13.76
282,Singkang,75,MY,1563644989,88,2.1,102.8,78.8,11.1
283,Kamaishi,97,JP,1563644990,99,39.28,141.86,62.8,1.14
284,Ximei,40,TW,1563644990,78,23.74,120.51,81.91,13.87
285,Neiafu,75,TO,1563644990,94,-18.65,-173.98,77.0,6.93
286,Praia da Vitoria,20,PT,1563644757,61,38.73,-27.07,79.97,11.48
287,Fairbanks,90,US,1563644721,82,64.84,-147.72,58.6,3.36
288,Amapa,75,HN,1563644991,70,15.09,-87.97,85.69,3.36
289,Pochutla,20,MX,1563644991,52,15.74,-96.47,89.53,5.1
290,Cosoveni,30,RO,1563644991,42,44.25,23.93,82.4,3.36
291,Fengzhen,0,CN,1563644991,81,40.43,113.15,64.24,0.34
292,Merrill,1,US,1563644991,37,42.03,-121.6,70.66,6.93
293,Hong Gai,40,VN,1563644992,100,20.96,107.09,77.0,8.05
294,Norfolk,0,US,1563644760,56,36.85,-76.29,95.49,3.36
295,Yumbing,8,PH,1563644992,75,9.24,124.66,82.78,2.95
296,Tarakan,75,ID,1563644992,83,3.3,117.63,79.54,4.25
297,Mercedes,85,UY,1563644993,72,-33.25,-58.03,72.0,5.01
298,Pontianak,44,ID,1563644993,77,-0.02,109.34,82.96,9.55
299,Quatre Cocos,40,MU,1563644993,83,-20.21,57.76,71.8,12.75
300,Upata,19,VE,1563644993,64,8.02,-62.41,89.01,5.01
301,Vestmannaeyjar,75,IS,1563644994,93,63.44,-20.27,55.4,10.29
302,Pangnirtung,75,CA,1563644994,63,66.15,-65.72,64.4,12.75
303,Tadine,0,NC,1563644994,74,-21.55,167.88,68.38,21.92
304,Nyurba,0,RU,1563644995,75,63.29,118.35,47.14,2.53
305,Kama,75,JP,1563644995,94,33.54,130.74,76.62,14.99
306,Gafanha da Encarnacao,20,PT,1563644995,82,40.62,-8.73,71.46,13.87
307,Fortuna,0,ES,1563644834,45,38.18,-1.13,87.15,12.75
308,Ngunguru,66,NZ,1563644996,95,-35.62,174.5,43.0,3.0
309,Inhambane,20,MZ,1563644996,77,-23.87,35.38,69.8,9.17
310,Resen,40,MK,1563644997,73,41.09,21.01,69.8,2.24
311,Prince Rupert,1,CA,1563644997,87,54.32,-130.32,59.0,3.36
312,Araouane,15,ML,1563644997,11,18.9,-3.53,109.06,9.53
313,Mattru,100,SL,1563644997,97,7.62,-11.83,73.24,2.93
314,Oranjemund,0,ZA,1563644911,74,-28.55,16.43,55.96,24.11
315,Kurumkan,99,RU,1563644997,85,54.33,110.32,53.08,5.35
316,Bull Savanna,47,JM,1563644998,72,17.89,-77.59,85.84,24.34
317,Kruisfontein,58,ZA,1563644998,78,-34.0,24.73,46.06,2.82
318,Ketchikan,40,US,1563644884,77,55.34,-131.65,60.8,9.17
319,Mnogovershinnyy,100,RU,1563644856,98,53.94,139.92,55.24,3.91
320,Clyde River,75,CA,1563644968,87,70.47,-68.59,42.8,12.75
321,Constitucion,20,MX,1563644850,56,23.99,-104.67,69.91,5.82
322,Vasilsursk,56,RU,1563644999,92,56.13,46.01,58.48,3.87
323,Henties Bay,0,NA,1563644999,84,-22.12,14.28,59.0,3.0
324,Copiapo,20,CL,1563644892,62,-27.37,-70.33,59.0,12.75
325,Upington,0,ZA,1563645000,37,-28.46,21.24,53.6,3.36
326,Rawson,100,AR,1563644812,79,-43.3,-65.11,42.1,24.47
327,Mahon,75,IE,1563645000,72,51.89,-8.4,63.95,11.41
328,Namwala,22,ZM,1563645000,25,-15.75,26.45,61.54,1.03
329,Jinxiang,11,CN,1563645000,74,35.07,116.31,79.0,4.79
330,Havoysund,0,NO,1563644812,55,71.0,24.66,62.6,4.7
331,Shiraz,40,IR,1563645001,15,29.61,52.54,93.2,4.7
332,El Jicaro,93,GT,1563645001,81,14.91,-89.89,74.86,1.16
333,Longyearbyen,75,NO,1563645001,87,78.22,15.63,44.6,5.82
334,Mombetsu,73,JP,1563645001,75,44.35,143.35,64.99,3.0
335,Nagato,75,JP,1563645002,100,34.35,131.14,77.0,10.29
336,Murupara,64,NZ,1563645002,99,-38.46,176.71,39.97,1.79
337,Boca do Acre,70,BR,1563645002,28,-8.76,-67.39,97.0,2.66
338,Isla Vista,0,US,1563645002,68,34.41,-119.86,67.19,3.36
339,Sorland,43,NO,1563645003,90,67.67,12.69,54.16,10.96
340,Pedasi,100,PA,1563645003,72,7.53,-80.03,84.04,8.52
341,Thompson,75,CA,1563645003,51,55.74,-97.86,62.6,9.17
342,Bari,0,IT,1563645003,51,41.13,16.86,80.46,5.82
343,Shellbrook,90,CA,1563645004,87,53.22,-106.39,60.8,6.93
344,Antofagasta,20,CL,1563645004,63,-23.65,-70.4,60.8,11.41
345,Hambantota,100,LK,1563645004,77,6.12,81.12,82.06,19.64
346,Itarema,62,BR,1563644816,65,-2.92,-39.92,82.42,13.38
347,Margate,0,AU,1563645005,62,-43.03,147.26,49.96,12.75
348,Gamba,18,CN,1563645005,65,28.28,88.52,44.44,4.83
349,Palmas,20,BR,1563645005,27,-10.18,-48.33,89.6,6.93
350,Todos Santos,5,MX,1563645005,62,23.45,-110.23,84.58,16.11
351,Changji,35,CN,1563645006,86,32.07,116.17,79.0,4.83
352,Baykit,80,RU,1563645006,59,61.68,96.39,52.54,9.6
353,Phonhong,100,LA,1563645006,97,18.5,102.42,75.94,1.36
354,Bassila,77,BJ,1563645006,91,9.0,1.66,75.04,2.66
355,Port-Cartier,75,CA,1563645006,82,50.03,-66.88,64.4,5.82
356,Mar del Plata,35,AR,1563645007,40,-46.43,-67.52,44.62,17.52
357,Liuli,0,TZ,1563645007,62,-11.1,34.65,74.68,3.6
358,La Sarre,47,CA,1563645007,28,48.8,-79.2,84.58,13.38
359,Okhotsk,0,RU,1563645007,59,59.36,143.24,50.92,16.55
360,Praya,75,ID,1563645008,94,-8.71,116.27,73.4,4.7
361,Borogontsy,0,RU,1563645008,69,62.67,131.17,41.92,2.86
362,Yulara,90,AU,1563644880,36,-25.24,130.99,60.8,11.41
363,Mareeba,90,AU,1563644840,72,-16.99,145.42,60.55,8.05
364,Havre-Saint-Pierre,90,CA,1563644896,82,50.23,-63.6,60.8,12.75
365,Arteaga,5,MX,1563645008,39,25.45,-100.85,80.46,6.78
366,Isla Mujeres,75,MX,1563645009,62,21.23,-86.73,89.31,11.41
367,Jinchang,88,CN,1563645009,31,38.52,102.19,73.24,0.74
368,Ler,75,NO,1563645009,41,63.2,10.3,74.32,13.87
369,Provideniya,100,RU,1563644755,89,64.42,-173.23,51.46,3.42
370,The Pas,1,CA,1563645010,59,53.82,-101.24,62.6,5.82
371,Kizema,46,RU,1563645010,92,61.11,44.83,59.38,3.31
372,Faanui,3,PF,1563645010,75,-16.48,-151.75,76.84,14.47
373,Egvekinot,100,RU,1563645010,93,66.32,-179.17,42.46,3.74
374,Bloomington,1,US,1563645011,56,40.47,-88.99,91.17,16.11
375,Goundam,2,ML,1563645011,26,16.42,-3.66,99.88,5.39
376,Oga,75,IT,1563645011,72,46.46,10.35,63.18,19.46
377,Esso,100,RU,1563645011,96,55.93,158.7,52.18,2.98
378,Jiazi,0,CN,1563645012,94,19.61,110.49,78.8,4.03
379,Barnstaple,20,GB,1563645012,49,51.08,-4.06,65.84,12.75
380,San Carlos de Bariloche,100,AR,1563645012,99,-41.13,-71.31,33.8,2.24
381,Castro,90,CL,1563644861,100,-42.48,-73.76,41.0,8.05
382,Montepuez,0,MZ,1563645013,39,-13.13,39.0,71.44,2.68
383,Talcahuano,90,CL,1563644925,93,-36.72,-73.12,53.6,11.41
384,Buala,100,SB,1563645013,84,-8.15,159.59,78.46,6.69
385,Batagay-Alyta,100,RU,1563645013,64,67.8,130.41,43.36,2.55
386,Monteagudo,100,BO,1563645014,54,-19.8,-63.96,80.6,5.82
387,Matara,93,BI,1563645014,91,-3.48,29.48,54.16,2.3
388,Walvis Bay,0,NA,1563645014,41,-22.95,14.51,65.82,4.7
389,Banganapalle,90,IN,1563645014,70,15.32,78.23,80.44,12.97
390,Madera,1,US,1563645014,44,36.96,-120.06,79.05,4.7
391,Diveyevo,26,RU,1563645015,96,55.04,43.25,59.38,5.95
392,Sola,66,TZ,1563645015,40,-3.17,33.8,73.96,1.7
393,Gigmoto,100,PH,1563645015,78,13.78,124.39,83.32,4.92
394,Itoman,75,JP,1563645015,94,26.12,127.67,81.86,10.29
395,Shimoda,100,JP,1563644819,93,34.7,138.93,74.01,1.01
396,Hasaki,75,JP,1563645016,100,35.73,140.83,72.32,5.82
397,Zatoka,0,PL,1563645016,44,50.04,20.52,76.03,1.12
398,Oussouye,20,SN,1563645016,66,12.49,-16.54,86.0,4.7
399,Cabo San Lucas,5,MX,1563644837,58,22.89,-109.91,84.52,8.05
400,Pravda,84,BG,1563645016,61,43.16,25.69,78.93,4.7
401,Lang Son,98,VN,1563644839,93,21.83,106.73,77.56,2.95
402,Cap Malheureux,40,MU,1563645017,83,-19.98,57.61,71.78,12.75
403,Agadez,20,NE,1563645017,74,16.97,7.99,81.52,6.93
404,Nizhniy Tsasuchey,98,RU,1563645017,90,50.52,115.13,56.5,9.37
405,Baisha,10,CN,1563645018,81,19.23,109.45,81.88,4.97
406,Nizhniy Ingash,66,RU,1563645018,96,56.2,96.53,48.58,2.91
407,Russkaya Polyana,34,RU,1563645018,77,53.78,73.88,68.56,5.84
408,Srednekolymsk,82,RU,1563645018,63,67.46,153.71,45.7,7.36
409,Guarapari,75,BR,1563645018,69,-20.67,-40.5,73.4,10.29
410,Bubaque,60,GW,1563645019,78,11.28,-15.83,78.82,5.01
411,Pangai,100,TO,1563644910,85,-19.8,-174.35,77.56,17.07
412,Tuatapere,98,NZ,1563645019,98,-46.13,167.69,48.0,8.93
413,Mbandaka,84,CD,1563645019,84,0.05,18.26,74.14,0.83
414,Banda Aceh,100,ID,1563644964,84,5.56,95.32,81.34,27.45
415,Vila,0,IT,1563644933,40,45.18,8.4,84.34,4.7
416,Kuusamo,0,FI,1563645020,63,65.96,29.19,64.4,2.24
417,Yamada,75,JP,1563645020,88,36.58,137.08,75.81,4.7
418,Olinda,0,AU,1563645020,71,-37.84,145.39,54.68,27.51
419,Camacha,75,PT,1563644907,69,33.08,-16.33,74.43,14.99
420,Karauli,35,IN,1563645021,45,26.5,77.03,92.86,4.41
421,Bafoulabe,89,ML,1563645021,49,13.81,-10.83,91.78,6.22
422,Menzelinsk,20,RU,1563645021,53,55.73,53.11,71.6,11.18
423,Mildura,14,AU,1563645021,40,-34.18,142.16,52.77,8.05
424,Custoias,0,PT,1563645021,5,41.11,-7.32,81.0,5.99
425,Bilibino,84,RU,1563645022,87,68.06,166.44,37.06,1.95
426,Vardo,1,US,1563644864,49,39.62,-77.74,93.24,8.05
427,Khor,78,RU,1563645022,90,47.88,134.96,68.2,5.79
428,Westport,1,US,1563644850,62,41.14,-73.36,93.78,11.41
429,Manavalakurichi,75,IN,1563645022,100,8.13,77.3,75.2,6.93
430,Lingao,15,CN,1563645023,75,19.91,109.69,86.38,2.53
431,Wahpeton,1,US,1563645023,60,46.27,-96.61,72.36,3.36
432,Tezu,96,IN,1563645023,82,27.93,96.16,76.12,2.68
433,Deputatskiy,70,RU,1563645023,60,69.3,139.9,48.22,19.44
434,Cabra,0,ES,1563645023,20,37.47,-4.43,99.09,6.93
435,Berberati,95,CF,1563645024,93,4.26,15.79,70.54,3.53
436,Mitu,28,IR,1563645024,37,36.2,46.09,71.62,1.41
437,Thunder Bay,75,CA,1563645024,60,48.41,-89.26,75.29,6.93
438,Sorong,49,ID,1563645025,93,-0.86,131.25,75.04,6.15
439,Madimba,40,CM,1563645025,78,4.42,9.93,82.4,5.82
440,Sinnamary,1,GF,1563645025,75,5.38,-52.96,82.24,14.36
441,Sumbe,0,AO,1563645025,85,-11.2,13.84,71.6,9.17
442,Male,29,UA,1563645026,68,50.74,33.7,65.5,3.44
443,Hofn,100,IS,1563644760,97,64.25,-15.21,40.3,5.37
444,Lahad Datu,94,MY,1563645026,98,5.02,118.33,70.9,1.41
445,Northam,90,AU,1563645026,87,-31.65,116.67,55.4,8.05
446,Cotonou,20,BJ,1563644930,88,6.37,2.43,78.8,10.29
447,Tela,75,HN,1563645027,78,15.78,-87.45,84.52,2.24
448,Saint-Philippe,1,CA,1563645027,49,45.36,-73.48,89.31,5.82
449,Touros,75,BR,1563645027,65,-5.2,-35.46,82.4,16.11
450,Mantua,0,IT,1563645027,43,45.16,10.79,88.57,10.29
451,Martinho Campos,5,BR,1563645028,36,-19.33,-45.24,75.22,4.94
452,La Ronge,75,CA,1563645028,59,55.1,-105.3,64.4,6.93
453,Lazarev,100,RU,1563645028,99,52.23,141.51,56.14,13.78
454,Syamzha,14,RU,1563645028,93,60.02,41.06,57.58,1.3
455,Huanren,70,CN,1563645029,92,41.26,125.37,68.92,0.92
456,Aranos,0,NA,1563645029,17,-24.14,19.11,57.22,10.18
457,Hobyo,13,SO,1563645029,73,5.35,48.53,76.84,27.85
458,Naze,87,NG,1563645029,91,5.43,7.07,75.22,5.39
459,Tomatlan,85,MX,1563644825,62,19.93,-105.25,84.4,6.17
460,North Platte,20,US,1563645030,73,41.12,-100.77,74.97,17.22
461,Whitehorse,90,CA,1563645030,82,60.72,-135.06,55.35,5.82
462,Union,1,US,1563645031,47,40.7,-74.26,95.54,10.29
463,Rio Hato,39,PA,1563645031,60,8.38,-80.16,92.44,12.12
464,Marfino,40,RU,1563645031,82,56.07,37.56,64.47,13.42
465,Poum,40,MK,1563645031,73,41.28,20.71,69.8,2.24
466,Taseyevo,68,RU,1563645031,98,57.22,94.9,46.42,0.2
467,Abu Kamal,0,SY,1563645032,22,34.45,40.92,91.24,13.22
468,Adrar,1,DZ,1563645032,7,27.87,-0.29,114.8,18.34
469,Benguela,0,AO,1563645018,85,-12.58,13.4,71.26,3.94
470,Iqaluit,90,CA,1563645017,100,63.75,-68.52,41.0,9.17
471,Port Augusta,87,AU,1563645033,67,-32.49,137.76,54.23,8.05
472,Ponta Delgada,40,PT,1563644884,83,37.73,-25.67,75.2,9.17
473,Pavilosta,38,LV,1563645033,56,56.89,21.19,69.66,3.36
474,Tual,24,ID,1563645033,84,-5.67,132.75,76.66,20.49
475,Havelock,20,US,1563644904,50,34.88,-76.9,91.31,12.75
476,Opelika,75,US,1563645033,66,32.65,-85.38,85.51,6.06
477,Dingle,43,PH,1563644873,89,11.0,122.67,74.86,3.0
478,Gushikawa,75,JP,1563644891,94,26.35,127.87,81.86,10.29
479,Mogadishu,25,SO,1563645034,79,2.04,45.34,75.94,14.97
480,Chumikan,100,RU,1563645034,98,54.72,135.31,50.74,3.91
481,Lodja,7,CD,1563645035,37,-3.52,23.6,79.18,2.44
482,Lagoa,0,PT,1563645029,65,37.14,-8.45,83.62,9.17
483,Porto Novo,40,BR,1563645035,43,-23.68,-45.44,73.4,5.82
484,Lubumbashi,0,CD,1563645035,32,-11.66,27.48,62.62,4.09
485,Longhua,77,CN,1563645036,91,29.21,106.21,77.02,2.17
486,Hamilton,40,CA,1563644782,79,43.26,-79.87,89.89,10.29
487,Mukhen,100,RU,1563645036,80,48.19,136.14,66.76,4.32
488,La Rioja,0,AR,1563645036,36,-29.41,-66.86,64.6,4.85
489,Itapolis,0,BR,1563645036,38,-21.6,-48.81,78.28,7.81
490,Plettenberg Bay,68,ZA,1563645037,74,-34.05,23.37,45.34,3.38
491,Cayenne,7,GF,1563645037,94,4.94,-52.33,75.2,4.7
492,Nevsehir,20,TR,1563645037,50,38.62,34.71,75.07,14.99
493,Dabuleni,45,RO,1563645037,42,43.8,24.09,83.41,3.36
494,Nishihara,1,JP,1563645037,94,35.74,139.53,76.8,6.24
495,Nampula,20,MZ,1563645038,49,-15.12,39.26,73.4,3.36
496,Boa Vista,75,BR,1563645038,62,2.82,-60.67,86.0,4.7
497,Ahlat,0,TR,1563645038,29,38.75,42.49,69.46,1.68
498,Nouadhibou,0,MR,1563645039,57,20.93,-17.03,78.8,18.34
499,Altay,45,CN,1563645039,72,47.83,88.13,49.84,2.95
500,Eureka,20,US,1563645039,72,40.8,-124.16,61.34,5.82
501,Russell,1,US,1563645039,30,38.9,-98.86,97.36,19.46
502,Zhanakorgan,11,KZ,1563645040,15,43.91,67.25,87.28,8.19
503,Wattegama,100,LK,1563645040,96,7.35,80.68,72.16,4.45
504,Trinidad,20,BO,1563645040,58,-14.83,-64.9,87.8,9.17
505,Kloulklubed,90,PW,1563644892,83,7.04,134.26,80.6,4.7
506,Jati,0,PK,1563645041,66,24.35,68.27,84.94,13.33
507,Draguignan,0,FR,1563645041,74,43.54,6.46,80.2,5.82
508,Richards Bay,65,ZA,1563645041,69,-28.77,32.06,62.62,42.93
509,Aguimes,20,ES,1563645041,57,27.91,-15.45,76.57,28.86
510,Salvador,67,BR,1563645041,78,-12.98,-38.48,75.58,20.18
511,Denpasar,62,ID,1563645042,92,-8.65,115.22,72.52,7.52
512,Pimentel,61,BR,1563645042,52,-3.7,-45.5,86.02,5.46
513,Pingdu,0,CN,1563645042,83,36.79,119.95,78.8,4.47
514,Bar Harbor,90,US,1563645003,52,44.39,-68.2,88.65,8.05
515,San Cristobal,92,HN,1563644822,47,14.68,-86.92,84.22,11.36
516,Maldonado,90,UY,1563645043,77,-34.91,-54.96,66.2,8.05
517,Watertown,1,US,1563644977,72,44.9,-97.12,68.65,8.05
518,Iskateley,100,RU,1563645043,85,67.68,53.15,47.86,9.35
519,Lethem,16,GY,1563645043,56,3.38,-59.8,87.82,5.46
520,Cardston,90,CA,1563645044,93,49.2,-113.32,51.96,11.41
521,Juterbog,75,DE,1563645044,42,51.98,13.08,83.93,2.24
522,Necochea,93,AR,1563645044,72,-38.55,-58.74,55.99,8.01
523,Mardin,0,TR,1563645044,12,37.32,40.72,98.6,5.82
524,Ruwi,0,OM,1563645044,84,23.6,58.55,86.0,3.36
525,Moose Factory,75,CA,1563645043,82,51.26,-80.61,60.8,9.17
526,Ayagoz,0,KZ,1563645045,63,47.96,80.43,65.14,12.82
527,Rocha,42,UY,1563644923,80,-34.48,-54.34,66.58,8.28
528,Borba,34,BR,1563645045,48,-4.39,-59.59,90.88,5.23
529,Port Moresby,4,PG,1563645045,81,-9.47,147.16,75.04,20.09
530,Pag,0,HR,1563645046,37,44.45,15.06,80.31,6.93
531,Dongsheng,92,CN,1563644866,76,29.72,112.52,79.72,1.5
532,Husavik,65,CA,1563644955,56,50.56,-96.99,70.11,3.0
533,Peniche,20,PT,1563645046,69,39.36,-9.38,70.92,20.8
534,Macusani,0,PE,1563645046,46,-14.07,-70.43,43.72,13.56
535,Roblin,83,CA,1563645047,69,51.23,-101.35,65.32,8.19
536,Tabat,1,ID,1563645047,98,-2.64,115.23,73.06,0.4
537,Bismarck,83,US,1563644943,69,46.81,-100.78,75.33,12.75
538,Talnakh,0,RU,1563644824,55,69.49,88.39,60.8,8.95
539,Smirnykh,95,RU,1563645047,99,49.74,142.83,58.48,4.23
540,Pisco,90,PE,1563644851,30,-13.71,-76.2,67.6,8.05
541,Kutum,71,SD,1563645048,36,14.2,24.66,86.56,2.53
542,Bom Jesus,75,BR,1563645048,65,-5.99,-35.58,82.4,16.11
543,Rijeka,0,HR,1563644868,51,45.33,14.44,82.44,2.24
544,Colac,16,AU,1563645048,69,-38.34,143.59,53.87,3.0
545,Saint-Francois,94,FR,1563645049,42,46.42,3.91,86.0,10.29
546,Victor Harbor,20,AU,1563645049,82,-35.55,138.62,52.2,11.41
547,Kavieng,97,PG,1563645049,75,-2.57,150.8,84.04,18.1
548,Nelson Bay,0,AU,1563645049,86,-32.72,152.14,46.51,5.82
549,Arkansas City,1,US,1563644822,49,37.06,-97.04,93.9,16.11
550,Warrenton,0,ZA,1563644838,30,-28.11,24.85,44.08,9.91
551,Mersing,71,MY,1563645050,92,2.43,103.84,74.68,1.72
552,South Sioux City,1,US,1563644863,77,42.47,-96.41,68.22,9.17
553,Santa Maria,20,BR,1563645050,43,-16.02,-48.01,73.2,11.41
554,Noumea,20,NC,1563645050,93,-22.28,166.46,55.4,3.36
555,Valparaiso,20,US,1563644820,63,41.47,-87.06,90.97,12.75
556,Tolstoy-Yurt,0,RU,1563645051,65,43.44,45.77,78.8,4.47
557,Limoges,0,FR,1563645051,64,45.84,1.26,76.08,9.17
558,Teguldet,27,RU,1563645051,85,57.31,88.17,48.94,2.98
559,Maniitsoq,14,GL,1563645052,84,65.42,-52.9,47.68,12.26
560,Novoagansk,92,RU,1563645052,45,61.94,76.66,71.26,11.63
561,Kahului,40,US,1563644875,69,20.89,-156.47,76.78,12.75
562,Maragogi,35,BR,1563644856,86,-9.01,-35.22,75.22,10.02
563,Kumluca,27,TR,1563645053,62,36.37,30.29,67.84,2.19
564,Arroyo,75,BO,1563645053,59,-11.08,-66.08,89.6,6.93
565,Praia,75,BR,1563644891,46,-20.25,-43.81,69.17,12.75
566,Astorga,0,BR,1563645053,39,-23.24,-51.66,77.86,13.87
567,Petropavlovsk-Kamchatskiy,40,RU,1563645053,88,53.05,158.65,62.6,6.71
568,Bafra,75,TR,1563645054,69,41.57,35.91,75.06,6.93
569,Dandong,51,CN,1563645054,87,40.12,124.37,74.32,4.5
570,Ust-Kulom,57,RU,1563645054,75,61.69,53.69,61.54,5.14
571,Gahanna,40,US,1563645054,62,40.02,-82.88,89.94,17.22
572,Marzuq,39,YE,1563644863,17,14.4,46.47,82.24,4.38
573,Puerto Suarez,0,BO,1563645055,51,-18.96,-57.8,84.2,12.75
574,Butembo,13,CD,1563645055,94,0.12,29.29,62.26,1.79
575,Avera,1,US,1563645055,66,33.19,-82.53,89.04,8.05
576,Sur,0,OM,1563644937,80,22.57,59.53,77.38,14.16
577,Dwarka,75,IN,1563645056,88,28.58,77.04,82.4,7.74
578,Darnah,0,LY,1563645056,80,32.77,22.64,77.02,12.84
579,Providencia,40,CO,1563645056,36,1.24,-77.6,66.94,12.75
580,Knysna,20,ZA,1563644850,75,-34.04,23.05,44.6,3.36
581,Iquique,40,CL,1563644758,67,-20.22,-70.14,62.6,8.05
582,Nemuro,97,JP,1563644906,95,43.32,145.57,57.04,10.96
583,Port Hardy,90,CA,1563645057,93,50.7,-127.42,55.4,5.82
584,Rimouski,40,CA,1563645030,47,48.45,-68.52,80.6,11.41
585,Lamar,1,US,1563645057,27,38.09,-102.62,91.4,10.29
586,Calabozo,36,VE,1563645057,69,8.92,-67.43,85.84,6.73
587,Kpandae,99,GH,1563645058,89,8.46,-0.01,76.48,3.47
588,Tigil,100,RU,1563645058,95,57.8,158.67,55.24,16.37
589,Panguna,37,PG,1563645058,77,-6.32,155.48,79.9,7.67
590,Innisfail,45,AU,1563645058,92,-17.52,146.03,58.3,4.36
591,Bereda,40,ES,1563645059,73,43.27,-7.54,70.43,10.29
592,Elliot Lake,1,CA,1563645059,61,46.37,-82.65,82.4,16.11
593,Gerstetten,82,DE,1563645059,42,48.62,10.02,81.81,10.29
594,Zhangjiakou,0,CN,1563645059,83,40.77,114.88,62.62,2.19
595,Onega,100,RU,1563645060,77,63.91,38.09,56.86,10.69
596,Owen Sound,75,CA,1563645060,61,44.57,-80.95,83.86,8.05
